Country,Subject Descriptor,Units,Scale,Country/Series-specific Notes,2022,2023,2024,2025,2026,2027,2028,2029,Estimates Start After
Afghanistan,"Gross domestic product, current prices",U.S. dollars,Billions,"See notes for:  Gross domestic product, current prices (National currency).",14.467,n/a,n/a,n/a,n/a,n/a,n/a,n/a,2023
Albania,"Gross domestic product, current prices",U.S. dollars,Billions,"See notes for:  Gross domestic product, current prices (National currency).",19.083,22.743,25.431,26.911,28.691,30.542,32.534,34.674,2022
Algeria,"Gross domestic product, current prices",U.S. dollars,Billions,"See notes for:  Gross domestic product, current prices (National currency).",225.631,244.746,266.78,277.339,287.038,294.125,300.405,306.032,2022
Andorra,"Gross domestic product, current prices",U.S. dollars,Billions,"See notes for:  Gross domestic product, current prices (National currency).",3.376,3.726,3.897,4.033,4.16,4.289,4.421,4.554,2022
Angola,"Gross domestic product, current prices",U.S. dollars,Billions,"See notes for:  Gross domestic product, current prices (National currency).",122.826,94.381,92.123,95.386,98.704,104.687,109.642,114.976,2022
Antigua and Barbuda,"Gross domestic product, current prices",U.S. dollars,Billions,"See notes for:  Gross domestic product, current prices (National currency).",1.758,1.954,2.127,2.258,2.367,2.48,2.6,2.725,2022
Argentina,"Gross domestic product, current prices",U.S. dollars,Billions,"See notes for:  Gross domestic product, current prices (National currency).",630.662,654.892,604.26,558.957,592.49,629.443,663.404,694.081,2022
Armenia,"Gross domestic product, current prices",U.S. dollars,Billions,"See notes for:  Gross domestic product, current prices (National currency).",19.514,24.155,25.408,27.151,29.151,31.284,33.575,36.048,2022
Aruba,"Gross domestic product, current prices",U.S. dollars,Billions,"See notes for:  Gross domestic product, current prices (National currency).",3.545,3.937,4.069,4.181,4.308,4.442,4.58,4.723,2022
Australia,"Gross domestic product, current prices",U.S. dollars,Billions,"See notes for:  Gross domestic product, current prices (National currency).","1,724.92","1,741.88","1,790.35","1,863.24","1,940.48","2,016.88","2,107.31","2,208.40",2023
Austria,"Gross domestic product, current prices",U.S. dollars,Billions,"See notes for:  Gross domestic product, current prices (National currency).",471.216,519.71,540.887,561.734,581.023,598.329,615.262,632.535,2023
Azerbaijan,"Gross domestic product, current prices",U.S. dollars,Billions,"See notes for:  Gross domestic product, current prices (National currency).",78.721,76.639,78.749,81.438,84.596,88.192,92.414,97.433,2022
The Bahamas,"Gross domestic product, current prices",U.S. dollars,Billions,"See notes for:  Gross domestic product, current prices (National currency).",12.897,13.816,14.39,14.926,15.443,15.959,16.522,17.102,2022
Bahrain,"Gross domestic product, current prices",U.S. dollars,Billions,"See notes for:  Gross domestic product, current prices (National currency).",44.383,44.674,46.79,48.729,50.733,52.982,55.427,58.098,2022
Bangladesh,"Gross domestic product, current prices",U.S. dollars,Billions,"See notes for:  Gross domestic product, current prices (National currency).",460.201,446.349,455.162,491.815,546.924,613.706,691.865,779.978,2023
Barbados,"Gross domestic product, current prices",U.S. dollars,Billions,"See notes for:  Gross domestic product, current prices (National currency).",5.841,6.388,6.863,7.268,7.643,8.019,8.412,8.81,2022
Belarus,"Gross domestic product, current prices",U.S. dollars,Billions,"See notes for:  Gross domestic product, current prices (National currency).",72.835,71.805,69.048,70.815,73.435,76.402,80.005,83.378,2022
Belgium,"Gross domestic product, current prices",U.S. dollars,Billions,"See notes for:  Gross domestic product, current prices (National currency).",583.895,630.11,655.192,673.248,693.456,714.154,737.174,759.32,2023
Belize,"Gross domestic product, current prices",U.S. dollars,Billions,"See notes for:  Gross domestic product, current prices (National currency).",2.831,3.094,3.296,3.456,3.589,3.726,3.869,4.017,2022
Benin,"Gross domestic product, current prices",U.S. dollars,Billions,"See notes for:  Gross domestic product, current prices (National currency).",17.439,19.398,21.371,23.107,24.927,26.914,29.064,31.398,2022
Bhutan,"Gross domestic product, current prices",U.S. dollars,Billions,"See notes for:  Gross domestic product, current prices (National currency).",2.869,2.897,3.11,3.395,3.705,3.98,4.283,4.654,2022
Bolivia,"Gross domestic product, current prices",U.S. dollars,Billions,"See notes for:  Gross domestic product, current prices (National currency).",44.315,46.473,49.334,52.52,55.752,59.205,62.871,66.761,2022
Bosnia and Herzegovina,"Gross domestic product, current prices",U.S. dollars,Billions,"See notes for:  Gross domestic product, current prices (National currency).",24.535,27.216,29.078,30.754,32.436,34.052,35.72,37.722,2022
Botswana,"Gross domestic product, current prices",U.S. dollars,Billions,"See notes for:  Gross domestic product, current prices (National currency).",20.352,20.445,21.418,22.779,24.828,26.791,28.909,31.184,2022
Brazil,"Gross domestic product, current prices",U.S. dollars,Billions,"See notes for:  Gross domestic product, current prices (National currency).","1,951.85","2,173.67","2,331.39","2,437.91","2,596.12","2,760.06","2,903.89","3,058.23",2023
Brunei Darussalam,"Gross domestic product, current prices",U.S. dollars,Billions,"See notes for:  Gross domestic product, current prices (National currency).",16.682,15.128,15.51,16.319,17.025,17.771,18.678,19.769,2023
Bulgaria,"Gross domestic product, current prices",U.S. dollars,Billions,"See notes for:  Gross domestic product, current prices (National currency).",90.422,101.611,107.933,114.461,120.579,126.442,132.618,138.756,2023
Burkina Faso,"Gross domestic product, current prices",U.S. dollars,Billions,"See notes for:  Gross domestic product, current prices (National currency).",18.906,20.382,21.902,23.56,25.237,27.011,28.929,30.961,2022
Burundi,"Gross domestic product, current prices",U.S. dollars,Billions,"See notes for:  Gross domestic product, current prices (National currency).",3.917,4.216,3.075,3.299,3.787,4.226,4.654,4.97,2022
Cabo Verde,"Gross domestic product, current prices",U.S. dollars,Billions,"See notes for:  Gross domestic product, current prices (National currency).",2.246,2.52,2.718,2.904,3.092,3.293,3.505,3.734,2022
Cambodia,"Gross domestic product, current prices",U.S. dollars,Billions,"See notes for:  Gross domestic product, current prices (National currency).",39.063,41.855,45.15,48.725,52.61,56.747,61.097,65.607,2022
Cameroon,"Gross domestic product, current prices",U.S. dollars,Billions,"See notes for:  Gross domestic product, current prices (National currency).",44.508,48.958,53.205,57.661,61.828,66.137,70.232,74.693,2022
Canada,"Gross domestic product, current prices",U.S. dollars,Billions,"See notes for:  Gross domestic product, current prices (National currency).","2,161.48","2,140.09","2,242.18","2,360.58","2,469.21","2,576.32","2,688.15","2,805.77",2023
Central African Republic,"Gross domestic product, current prices",U.S. dollars,Billions,"See notes for:  Gross domestic product, current prices (National currency).",2.459,2.632,2.81,2.986,3.165,3.338,3.515,3.711,2021
Chad,"Gross domestic product, current prices",U.S. dollars,Billions,"See notes for:  Gross domestic product, current prices (National currency).",16.417,17.493,18.697,19.698,20.783,21.964,23.252,24.632,2022
Chile,"Gross domestic product, current prices",U.S. dollars,Billions,"See notes for:  Gross domestic product, current prices (National currency).",302.16,335.658,333.76,374.753,391.385,408.875,426.968,445.147,2023
China,"Gross domestic product, current prices",U.S. dollars,Billions,"See notes for:  Gross domestic product, current prices (National currency).","17,848.54","17,662.04","18,532.63","19,790.07","21,027.66","22,276.92","23,579.01","24,842.34",2023
Colombia,"Gross domestic product, current prices",U.S. dollars,Billions,"See notes for:  Gross domestic product, current prices (National currency).",345.33,363.616,386.076,400.48,417.861,439.433,462.1,485.35,2023
Comoros,"Gross domestic product, current prices",U.S. dollars,Billions,"See notes for:  Gross domestic product, current prices (National currency).",1.225,1.34,1.422,1.516,1.617,1.716,1.818,1.924,2022
Democratic Republic of the Congo,"Gross domestic product, current prices",U.S. dollars,Billions,"See notes for:  Gross domestic product, current prices (National currency).",65.927,67.268,73.761,83.082,91.93,102.155,111.926,122.371,2020
Republic of Congo,"Gross domestic product, current prices",U.S. dollars,Billions,"See notes for:  Gross domestic product, current prices (National currency).",13.961,14.423,15.501,16.229,17.084,18.076,19.188,20.527,2020
Costa Rica,"Gross domestic product, current prices",U.S. dollars,Billions,"See notes for:  Gross domestic product, current prices (National currency).",69.235,86.509,96.058,102.334,108.021,114.297,120.956,127.867,2023
C?te d'Ivoire,"Gross domestic product, current prices",U.S. dollars,Billions,"See notes for:  Gross domestic product, current prices (National currency).",72.046,79.978,86.911,93.892,101.688,109.883,118.67,128.306,2022
Croatia,"Gross domestic product, current prices",U.S. dollars,Billions,"See notes for:  Gross domestic product, current prices (National currency).",71.657,82.044,88.076,92.315,97.053,101.634,106.426,111.286,2022
Cyprus,"Gross domestic product, current prices",U.S. dollars,Billions,"See notes for:  Gross domestic product, current prices (National currency).",29.274,32.185,34.221,35.935,37.806,39.796,41.804,43.817,2023
Czech Republic,"Gross domestic product, current prices",U.S. dollars,Billions,"See notes for:  Gross domestic product, current prices (National currency).",290.566,332.025,325.88,337.53,351.158,365.662,381.166,397.087,2023
Denmark,"Gross domestic product, current prices",U.S. dollars,Billions,"See notes for:  Gross domestic product, current prices (National currency).",400.167,405.199,409.989,424.326,441.465,458.995,477.516,496.843,2022
Djibouti,"Gross domestic product, current prices",U.S. dollars,Billions,"See notes for:  Gross domestic product, current prices (National currency).",3.726,4.023,4.364,4.715,5.103,5.498,5.926,6.322,2021
Dominica,"Gross domestic product, current prices",U.S. dollars,Billions,"See notes for:  Gross domestic product, current prices (National currency).",0.607,0.658,0.708,0.753,0.793,0.833,0.874,0.913,2022
Dominican Republic,"Gross domestic product, current prices",U.S. dollars,Billions,"See notes for:  Gross domestic product, current prices (National currency).",113.873,119.966,127.356,136.3,145.936,156.48,167.823,179.897,2022
Ecuador,"Gross domestic product, current prices",U.S. dollars,Billions,"See notes for:  Gross domestic product, current prices (National currency).",116.586,120.175,121.592,124.408,128.731,133.47,138.747,144.301,2022
Egypt,"Gross domestic product, current prices",U.S. dollars,Billions,"See notes for:  Gross domestic product, current prices (National currency).",475.231,393.909,347.594,328.845,374.251,426.392,482.639,539.606,2023
El Salvador,"Gross domestic product, current prices",U.S. dollars,Billions,"See notes for:  Gross domestic product, current prices (National currency).",31.989,34.016,35.333,37.09,38.859,40.643,42.44,44.325,2023
Equatorial Guinea,"Gross domestic product, current prices",U.S. dollars,Billions,"See notes for:  Gross domestic product, current prices (National currency).",11.767,10.284,10.708,10.734,10.926,11.431,11.831,12.443,2022
Eritrea,"Gross domestic product, current prices",U.S. dollars,Billions,"See notes for:  Gross domestic product, current prices (National currency).",n/a,n/a,n/a,n/a,n/a,n/a,n/a,n/a,2019
Estonia,"Gross domestic product, current prices",U.S. dollars,Billions,"See notes for:  Gross domestic product, current prices (National currency).",37.951,40.757,43.486,45.476,47.695,50.003,52.501,55.205,2023
Eswatini,"Gross domestic product, current prices",U.S. dollars,Billions,"See notes for:  Gross domestic product, current prices (National currency).",4.791,4.868,5.085,5.306,5.527,5.776,6.01,6.198,2022
Ethiopia,"Gross domestic product, current prices",U.S. dollars,Billions,"See notes for:  Gross domestic product, current prices (National currency).",118.968,159.747,205.13,236.044,265.498,295.859,329.998,368.713,2022
Fiji,"Gross domestic product, current prices",U.S. dollars,Billions,"See notes for:  Gross domestic product, current prices (National currency).",4.98,5.497,5.801,6.103,6.441,6.792,7.163,7.546,2022
Finland,"Gross domestic product, current prices",U.S. dollars,Billions,"See notes for:  Gross domestic product, current prices (National currency).",282.109,300.499,308.055,318.583,329.774,341.682,353.842,365.673,2023
France,"Gross domestic product, current prices",U.S. dollars,Billions,"See notes for:  Gross domestic product, current prices (National currency).","2,780.43","3,031.78","3,130.01","3,223.13","3,332.65","3,437.18","3,545.00","3,645.29",2023
Gabon,"Gross domestic product, current prices",U.S. dollars,Billions,"See notes for:  Gross domestic product, current prices (National currency).",21.076,20.524,21.013,21.099,21.425,21.831,22.357,22.871,2022
The Gambia,"Gross domestic product, current prices",U.S. dollars,Billions,"See notes for:  Gross domestic product, current prices (National currency).",2.161,2.362,2.694,3.006,3.226,3.408,3.61,3.885,2023
Georgia,"Gross domestic product, current prices",U.S. dollars,Billions,"See notes for:  Gross domestic product, current prices (National currency).",24.985,30.536,32.865,35.554,38.234,41.051,43.754,47.549,2023
Germany,"Gross domestic product, current prices",U.S. dollars,Billions,"See notes for:  Gross domestic product, current prices (National currency).","4,085.68","4,457.37","4,591.10","4,772.26","4,941.65","5,089.80","5,229.27","5,358.07",2023
Ghana,"Gross domestic product, current prices",U.S. dollars,Billions,"See notes for:  Gross domestic product, current prices (National currency).",72.243,76.277,75.244,76.019,81.084,86.456,92.244,98.554,2022
Greece,"Gross domestic product, current prices",U.S. dollars,Billions,"See notes for:  Gross domestic product, current prices (National currency).",217.753,238.275,250.276,260.452,270.034,278.721,287.758,297.028,2023
Grenada,"Gross domestic product, current prices",U.S. dollars,Billions,"See notes for:  Gross domestic product, current prices (National currency).",1.231,1.328,1.406,1.487,1.566,1.644,1.726,1.812,2021
Guatemala,"Gross domestic product, current prices",U.S. dollars,Billions,"See notes for:  Gross domestic product, current prices (National currency).",95.004,102.036,110.035,117.986,126.587,135.893,146.054,156.974,2022
Guinea,"Gross domestic product, current prices",U.S. dollars,Billions,"See notes for:  Gross domestic product, current prices (National currency).",19.589,23.005,25.447,27.216,29.027,31.064,33.255,35.384,2021
Guinea-Bissau,"Gross domestic product, current prices",U.S. dollars,Billions,"See notes for:  Gross domestic product, current prices (National currency).",1.718,1.969,2.151,2.321,2.5,2.694,2.89,3.081,2022
Guyana,"Gross domestic product, current prices",U.S. dollars,Billions,"See notes for:  Gross domestic product, current prices (National currency).",14.529,17.05,21.178,23.685,28.005,28.985,30.076,31.268,2022
Haiti,"Gross domestic product, current prices",U.S. dollars,Billions,"See notes for:  Gross domestic product, current prices (National currency).",19.826,21.533,24.046,24.359,24.214,24.158,24.582,25.372,2021
Honduras,"Gross domestic product, current prices",U.S. dollars,Billions,"See notes for:  Gross domestic product, current prices (National currency).",31.716,34.886,37.355,39.624,41.962,44.462,47.107,49.922,2022
Hong Kong SAR,"Gross domestic product, current prices",U.S. dollars,Billions,"See notes for:  Gross domestic product, current prices (National currency).",358.696,376.969,406.775,427.782,449.263,471.607,494.999,519.326,2023
Hungary,"Gross domestic product, current prices",U.S. dollars,Billions,"See notes for:  Gross domestic product, current prices (National currency).",178.121,212.61,223.413,240.121,254.15,269.148,285.531,302.462,2022
Iceland,"Gross domestic product, current prices",U.S. dollars,Billions,"See notes for:  Gross domestic product, current prices (National currency).",28.702,31.02,33.338,35.802,38.559,41.6,44.922,48.475,2022
India,"Gross domestic product, current prices",U.S. dollars,Billions,"See notes for:  Gross domestic product, current prices (National currency).","3,353.47","3,572.08","3,937.01","4,339.83","4,789.83","5,287.04","5,833.42","6,436.65",2023
Indonesia,"Gross domestic product, current prices",U.S. dollars,Billions,"See notes for:  Gross domestic product, current prices (National currency).","1,319.08","1,371.17","1,475.69","1,613.90","1,746.60","1,886.12","2,035.96","2,194.82",2023
Islamic Republic of Iran,"Gross domestic product, current prices",U.S. dollars,Billions,"See notes for:  Gross domestic product, current prices (National currency).",347.446,403.526,464.181,486.247,509.425,532.17,554.011,576.239,2023
Iraq,"Gross domestic product, current prices",U.S. dollars,Billions,"See notes for:  Gross domestic product, current prices (National currency).",261.369,254.416,265.894,278.811,292.147,307.465,325.197,345.074,2022
Ireland,"Gross domestic product, current prices",U.S. dollars,Billions,"See notes for:  Gross domestic product, current prices (National currency).",533.559,545.787,564.02,586.864,612.631,639.446,667.93,696.95,2023
Israel,"Gross domestic product, current prices",U.S. dollars,Billions,"See notes for:  Gross domestic product, current prices (National currency).",525.003,509.478,530.664,569.509,594.688,621.711,651.253,682.284,2023
Italy,"Gross domestic product, current prices",U.S. dollars,Billions,"See notes for:  Gross domestic product, current prices (National currency).","2,068.60","2,255.50","2,328.03","2,390.44","2,439.62","2,492.63","2,558.68","2,625.88",2023
Jamaica,"Gross domestic product, current prices",U.S. dollars,Billions,"See notes for:  Gross domestic product, current prices (National currency).",17.003,18.884,20.098,20.856,21.544,22.256,22.997,23.763,2022
Japan,"Gross domestic product, current prices",U.S. dollars,Billions,"See notes for:  Gross domestic product, current prices (National currency).","4,256.41","4,212.94","4,110.45","4,310.37","4,499.52","4,649.09","4,836.33","4,944.74",2023
Jordan,"Gross domestic product, current prices",U.S. dollars,Billions,"See notes for:  Gross domestic product, current prices (National currency).",48.722,50.989,53.57,56.556,59.709,63.038,66.553,70.263,2022
Kazakhstan,"Gross domestic product, current prices",U.S. dollars,Billions,"See notes for:  Gross domestic product, current prices (National currency).",225.529,260.51,296.74,312.99,327.308,350.694,370.044,388.61,2022
Kenya,"Gross domestic product, current prices",U.S. dollars,Billions,"See notes for:  Gross domestic product, current prices (National currency).",113.701,108.923,104.001,109.646,118.046,126.229,135.491,145.378,2022
Kiribati,"Gross domestic product, current prices",U.S. dollars,Billions,"See notes for:  Gross domestic product, current prices (National currency).",0.271,0.279,0.311,0.332,0.349,0.365,0.379,0.394,2022
Korea,"Gross domestic product, current prices",U.S. dollars,Billions,"See notes for:  Gross domestic product, current prices (National currency).","1,673.92","1,712.79","1,760.95","1,842.66","1,924.40","2,004.89","2,087.32","2,171.01",2023
Kosovo,"Gross domestic product, current prices",U.S. dollars,Billions,"See notes for:  Gross domestic product, current prices (National currency).",9.355,10.477,11.318,12.215,13.067,13.876,14.68,15.516,2022
Kuwait,"Gross domestic product, current prices",U.S. dollars,Billions,"See notes for:  Gross domestic product, current prices (National currency).",182.846,161.784,160.397,163.377,166.478,171.137,176.782,183.425,2022
Kyrgyz Republic,"Gross domestic product, current prices",U.S. dollars,Billions,"See notes for:  Gross domestic product, current prices (National currency).",11.672,12.775,13.599,14.666,15.622,16.52,17.35,18.216,2023
Lao P.D.R.,"Gross domestic product, current prices",U.S. dollars,Billions,"See notes for:  Gross domestic product, current prices (National currency).",15.121,15.197,15.19,16.221,17.006,17.951,19.107,20.368,2022
Latvia,"Gross domestic product, current prices",U.S. dollars,Billions,"See notes for:  Gross domestic product, current prices (National currency).",40.454,43.598,45.466,48.274,50.747,53.319,56.024,58.828,2023
Lebanon,"Gross domestic product, current prices",U.S. dollars,Billions,"See notes for:  Gross domestic product, current prices (National currency).",21.78,n/a,n/a,n/a,n/a,n/a,n/a,n/a,2020
Lesotho,"Gross domestic product, current prices",U.S. dollars,Billions,"See notes for:  Gross domestic product, current prices (National currency).",2.325,2.249,2.395,2.524,2.64,2.736,2.837,3.037,2023
Liberia,"Gross domestic product, current prices",U.S. dollars,Billions,"See notes for:  Gross domestic product, current prices (National currency).",3.974,4.39,4.754,5.068,5.481,5.892,6.408,6.867,2022
Libya,"Gross domestic product, current prices",U.S. dollars,Billions,"See notes for:  Gross domestic product, current prices (National currency).",43.289,45.011,48.221,50.559,52.286,53.017,53.801,55.191,2022
Lithuania,"Gross domestic product, current prices",U.S. dollars,Billions,"See notes for:  Gross domestic product, current prices (National currency).",71.03,77.926,81.17,84.727,88.531,92.476,96.59,100.765,2023
Luxembourg,"Gross domestic product, current prices",U.S. dollars,Billions,"See notes for:  Gross domestic product, current prices (National currency).",81.706,85.78,88.556,93.366,97.424,101.572,105.834,110.144,2022
Macao SAR,"Gross domestic product, current prices",U.S. dollars,Billions,"See notes for:  Gross domestic product, current prices (National currency).",24.464,47.061,54.677,61.777,66.171,69.827,73.65,77.625,2023
Madagascar,"Gross domestic product, current prices",U.S. dollars,Billions,"See notes for:  Gross domestic product, current prices (National currency).",15.285,15.753,16.465,17.917,19.268,20.762,22.725,24.898,2022
Malawi,"Gross domestic product, current prices",U.S. dollars,Billions,"See notes for:  Gross domestic product, current prices (National currency).",12.522,13.127,11.241,11.333,11.698,12.351,13.064,13.837,2022
Malaysia,"Gross domestic product, current prices",U.S. dollars,Billions,"See notes for:  Gross domestic product, current prices (National currency).",407.027,415.569,445.519,477.829,509.068,538.333,570.626,603.082,2023
Maldives,"Gross domestic product, current prices",U.S. dollars,Billions,"See notes for:  Gross domestic product, current prices (National currency).",6.238,6.685,7.199,7.897,8.461,9.044,9.64,10.276,2022
Mali,"Gross domestic product, current prices",U.S. dollars,Billions,"See notes for:  Gross domestic product, current prices (National currency).",18.724,20.684,21.662,22.984,24.565,26.244,28.049,29.946,2022
Malta,"Gross domestic product, current prices",U.S. dollars,Billions,"See notes for:  Gross domestic product, current prices (National currency).",18.372,20.963,22.737,24.023,25.371,26.737,28.167,29.637,2023
Marshall Islands,"Gross domestic product, current prices",U.S. dollars,Billions,"See notes for:  Gross domestic product, current prices (National currency).",0.259,0.284,0.305,0.318,0.33,0.342,0.354,0.366,2022
Mauritania,"Gross domestic product, current prices",U.S. dollars,Billions,"See notes for:  Gross domestic product, current prices (National currency).",9.799,10.543,10.628,11.356,11.941,12.53,13.051,13.182,2023
Mauritius,"Gross domestic product, current prices",U.S. dollars,Billions,"See notes for:  Gross domestic product, current prices (National currency).",12.949,14.371,16.359,17.651,18.954,20.189,21.488,22.842,2023
Mexico,"Gross domestic product, current prices",U.S. dollars,Billions,"See notes for:  Gross domestic product, current prices (National currency).","1,463.32","1,788.90","2,017.03","2,128.07","2,231.10","2,331.64","2,437.85","2,543.96",2023
Micronesia,"Gross domestic product, current prices",U.S. dollars,Billions,"See notes for:  Gross domestic product, current prices (National currency).",0.43,0.46,0.484,0.507,0.526,0.541,0.556,0.571,2022
Moldova,"Gross domestic product, current prices",U.S. dollars,Billions,"See notes for:  Gross domestic product, current prices (National currency).",14.55,17.052,18.356,20.19,22.247,24.516,27.022,29.867,2022
Mongolia,"Gross domestic product, current prices",U.S. dollars,Billions,"See notes for:  Gross domestic product, current prices (National currency).",17.146,19.862,21.943,23.509,25.382,27.246,29.215,31.326,2023
Montenegro,"Gross domestic product, current prices",U.S. dollars,Billions,"See notes for:  Gross domestic product, current prices (National currency).",6.243,7.406,8.011,8.467,8.916,9.367,9.841,10.33,2023
Morocco,"Gross domestic product, current prices",U.S. dollars,Billions,"See notes for:  Gross domestic product, current prices (National currency).",130.913,143.963,152.377,161.436,170.859,180.096,189.674,199.772,2022
Mozambique,"Gross domestic product, current prices",U.S. dollars,Billions,"See notes for:  Gross domestic product, current prices (National currency).",18.407,21.353,22.975,25.208,26.668,30.841,35.208,38.919,2022
Myanmar,"Gross domestic product, current prices",U.S. dollars,Billions,"See notes for:  Gross domestic product, current prices (National currency).",61.766,64.496,68.006,73.539,79.529,86.119,93.251,100.968,2021
Namibia,"Gross domestic product, current prices",U.S. dollars,Billions,"See notes for:  Gross domestic product, current prices (National currency).",12.602,12.327,12.765,13.486,14.245,14.99,15.745,16.538,2022
Nauru,"Gross domestic product, current prices",U.S. dollars,Billions,"See notes for:  Gross domestic product, current prices (National currency).",0.154,0.154,0.161,0.164,0.169,0.172,0.176,0.181,2021
Nepal,"Gross domestic product, current prices",U.S. dollars,Billions,"See notes for:  Gross domestic product, current prices (National currency).",40.828,41.015,44.179,48.904,53.918,59.463,65.648,72.475,2022
Netherlands,"Gross domestic product, current prices",U.S. dollars,Billions,"See notes for:  Gross domestic product, current prices (National currency).","1,010.19","1,117.10","1,142.51","1,177.59","1,223.05","1,269.89","1,317.55","1,363.57",2023
New Zealand,"Gross domestic product, current prices",U.S. dollars,Billions,"See notes for:  Gross domestic product, current prices (National currency).",242.35,249.04,257.626,266.774,277.688,288.508,301.286,314.499,2022
Nicaragua,"Gross domestic product, current prices",U.S. dollars,Billions,"See notes for:  Gross domestic product, current prices (National currency).",15.671,17.412,18.829,20.268,21.816,23.483,25.277,27.208,2022
Niger,"Gross domestic product, current prices",U.S. dollars,Billions,"See notes for:  Gross domestic product, current prices (National currency).",15.448,16.528,18.816,20.41,22.088,23.807,25.701,27.72,2021
Nigeria,"Gross domestic product, current prices",U.S. dollars,Billions,"See notes for:  Gross domestic product, current prices (National currency).",477.376,374.947,252.738,251.198,254.831,265.781,276.779,287.85,2022
North Macedonia,"Gross domestic product, current prices",U.S. dollars,Billions,"See notes for:  Gross domestic product, current prices (National currency).",13.735,14.769,15.873,16.904,17.953,19.15,20.323,21.404,2023
Norway,"Gross domestic product, current prices",U.S. dollars,Billions,"See notes for:  Gross domestic product, current prices (National currency).",593.727,485.513,526.951,554.775,564.342,581.215,597.958,617.095,2023
Oman,"Gross domestic product, current prices",U.S. dollars,Billions,"See notes for:  Gross domestic product, current prices (National currency).",114.667,109.133,108.927,111.052,114.812,119.129,124.098,127.526,2022
Pakistan,"Gross domestic product, current prices",U.S. dollars,Billions,"See notes for:  Gross domestic product, current prices (National currency).",374.748,338.237,n/a,n/a,n/a,n/a,n/a,n/a,2023
Palau,"Gross domestic product, current prices",U.S. dollars,Billions,"See notes for:  Gross domestic product, current prices (National currency).",0.246,0.267,0.308,0.351,0.371,0.386,0.399,0.413,2022
Panama,"Gross domestic product, current prices",U.S. dollars,Billions,"See notes for:  Gross domestic product, current prices (National currency).",76.523,83.382,87.347,91.731,97.309,103.225,109.501,116.159,2022
Papua New Guinea,"Gross domestic product, current prices",U.S. dollars,Billions,"See notes for:  Gross domestic product, current prices (National currency).",31.61,30.998,31.716,32.64,33.567,34.658,35.915,37.198,2022
Paraguay,"Gross domestic product, current prices",U.S. dollars,Billions,"See notes for:  Gross domestic product, current prices (National currency).",41.953,43.871,45.817,48.033,51.395,54.206,57.191,60.351,2022
Peru,"Gross domestic product, current prices",U.S. dollars,Billions,"See notes for:  Gross domestic product, current prices (National currency).",245.008,267.585,282.458,294.781,307.194,319.956,333.131,346.778,2023
Philippines,"Gross domestic product, current prices",U.S. dollars,Billions,"See notes for:  Gross domestic product, current prices (National currency).",404.284,436.622,471.516,509.379,551.56,596.935,650.628,709.641,2023
Poland,"Gross domestic product, current prices",U.S. dollars,Billions,"See notes for:  Gross domestic product, current prices (National currency).",688.25,808.435,844.623,884.581,937.789,984.45,"1,022.94","1,063.49",2023
Portugal,"Gross domestic product, current prices",U.S. dollars,Billions,"See notes for:  Gross domestic product, current prices (National currency).",255.398,287.421,298.949,309.715,321.832,334.087,346.807,359.658,2023
Puerto Rico,"Gross domestic product, current prices",U.S. dollars,Billions,"See notes for:  Gross domestic product, current prices (National currency).",113.435,115.799,117.763,120.425,123.625,128.927,133.22,137.419,2022
Qatar,"Gross domestic product, current prices",U.S. dollars,Billions,"See notes for:  Gross domestic product, current prices (National currency).",236.258,234.218,244.686,251.898,268.995,289.377,302.323,312.262,2022
Romania,"Gross domestic product, current prices",U.S. dollars,Billions,"See notes for:  Gross domestic product, current prices (National currency).",301.273,345.894,369.971,389.689,413.281,438.774,463.786,488.55,2022
Russia,"Gross domestic product, current prices",U.S. dollars,Billions,"See notes for:  Gross domestic product, current prices (National currency).","2,272.26","1,997.03","2,056.84","2,090.52","2,117.24","2,148.68","2,182.01","2,211.46",2022
Rwanda,"Gross domestic product, current prices",U.S. dollars,Billions,"See notes for:  Gross domestic product, current prices (National currency).",13.309,14.02,13.701,14.135,15.18,16.374,17.802,19.478,2023
Samoa,"Gross domestic product, current prices",U.S. dollars,Billions,"See notes for:  Gross domestic product, current prices (National currency).",0.833,0.934,1.024,1.093,1.152,1.204,1.254,1.309,2023
San Marino,"Gross domestic product, current prices",U.S. dollars,Billions,"See notes for:  Gross domestic product, current prices (National currency).",1.788,1.954,2.034,2.092,2.159,2.227,2.298,2.37,2021
S?o Tom? and Pr?ncipe,"Gross domestic product, current prices",U.S. dollars,Billions,"See notes for:  Gross domestic product, current prices (National currency).",0.548,0.656,0.751,0.821,0.889,0.964,1.044,1.132,2022
Saudi Arabia,"Gross domestic product, current prices",U.S. dollars,Billions,"See notes for:  Gross domestic product, current prices (National currency).","1,108.57","1,067.58","1,106.02","1,171.00","1,228.91","1,289.62","1,349.31","1,429.30",2023
Senegal,"Gross domestic product, current prices",U.S. dollars,Billions,"See notes for:  Gross domestic product, current prices (National currency).",27.744,31.407,35.45,39.963,42.945,45.872,49.815,53.015,2021
Serbia,"Gross domestic product, current prices",U.S. dollars,Billions,"See notes for:  Gross domestic product, current prices (National currency).",63.563,75.187,81.873,87.738,94.258,100.902,107.914,115.73,2022
Seychelles,"Gross domestic product, current prices",U.S. dollars,Billions,"See notes for:  Gross domestic product, current prices (National currency).",2.058,2.153,2.203,2.334,2.481,2.649,2.831,3.025,2022
Sierra Leone,"Gross domestic product, current prices",U.S. dollars,Billions,"See notes for:  Gross domestic product, current prices (National currency).",4.095,3.906,4.558,4.594,4.69,4.909,5.185,5.483,2023
Singapore,"Gross domestic product, current prices",U.S. dollars,Billions,"See notes for:  Gross domestic product, current prices (National currency).",498.475,501.428,525.228,548.148,573.465,599.299,626.285,654.713,2022
Slovak Republic,"Gross domestic product, current prices",U.S. dollars,Billions,"See notes for:  Gross domestic product, current prices (National currency).",115.553,132.122,140.808,149.401,157.083,164.227,171.757,179.484,2023
Slovenia,"Gross domestic product, current prices",U.S. dollars,Billions,"See notes for:  Gross domestic product, current prices (National currency).",60.111,68.236,72.101,75.096,78.591,82.212,86.082,90.032,2023
Solomon Islands,"Gross domestic product, current prices",U.S. dollars,Billions,"See notes for:  Gross domestic product, current prices (National currency).",1.56,1.631,1.707,1.82,1.933,2.056,2.184,2.318,2022
Somalia,"Gross domestic product, current prices",U.S. dollars,Billions,"See notes for:  Gross domestic product, current prices (National currency).",10.42,11.68,12.804,13.891,15.059,16.31,17.638,18.985,2022
South Africa,"Gross domestic product, current prices",U.S. dollars,Billions,"See notes for:  Gross domestic product, current prices (National currency).",405.106,377.676,373.233,384.765,398.062,413.042,427.66,442.857,2022
South Sudan,"Gross domestic product, current prices",U.S. dollars,Billions,"See notes for:  Gross domestic product, current prices (National currency).",8.037,7.295,6.517,6.987,7.324,7.789,8.514,9.702,2021
Spain,"Gross domestic product, current prices",U.S. dollars,Billions,"See notes for:  Gross domestic product, current prices (National currency).","1,418.92","1,581.15","1,647.11","1,715.58","1,772.09","1,829.22","1,890.02","1,950.64",2023
Sri Lanka,"Gross domestic product, current prices",U.S. dollars,Billions,"See notes for:  Gross domestic product, current prices (National currency).",74.846,n/a,n/a,n/a,n/a,n/a,n/a,n/a,2021
St. Kitts and Nevis,"Gross domestic product, current prices",U.S. dollars,Billions,"See notes for:  Gross domestic product, current prices (National currency).",0.973,1.068,1.134,1.207,1.279,1.345,1.411,1.481,2022
St. Lucia,"Gross domestic product, current prices",U.S. dollars,Billions,"See notes for:  Gross domestic product, current prices (National currency).",2.297,2.464,2.582,2.701,2.817,2.931,3.049,3.172,2022
St. Vincent and the Grenadines,"Gross domestic product, current prices",U.S. dollars,Billions,"See notes for:  Gross domestic product, current prices (National currency).",0.947,1.041,1.128,1.195,1.253,1.313,1.375,1.441,2021
Sudan,"Gross domestic product, current prices",U.S. dollars,Billions,"See notes for:  Gross domestic product, current prices (National currency).",33.762,25.716,26.865,27.447,28.25,28.806,29.236,29.254,2019
Suriname,"Gross domestic product, current prices",U.S. dollars,Billions,"See notes for:  Gross domestic product, current prices (National currency).",3.631,3.751,4.337,4.6,4.788,5.055,5.287,5.59,2022
Sweden,"Gross domestic product, current prices",U.S. dollars,Billions,"See notes for:  Gross domestic product, current prices (National currency).",590.41,593.268,623.048,651.281,680.164,711.1,742.266,774.57,2023
Switzerland,"Gross domestic product, current prices",U.S. dollars,Billions,"See notes for:  Gross domestic product, current prices (National currency).",818.643,885.141,938.458,971.745,"1,022.42","1,062.45","1,117.35","1,160.83",2023
Syria,"Gross domestic product, current prices",U.S. dollars,Billions,"See notes for:  Gross domestic product, current prices (National currency).",n/a,n/a,n/a,n/a,n/a,n/a,n/a,n/a,2010
Taiwan Province of China,"Gross domestic product, current prices",U.S. dollars,Billions,"See notes for:  Gross domestic product, current prices (National currency).",760.907,756.592,802.958,854.677,900.208,943.377,975.643,"1,005.19",2023
Tajikistan,"Gross domestic product, current prices",U.S. dollars,Billions,"See notes for:  Gross domestic product, current prices (National currency).",10.493,11.855,12.953,14.118,15.395,16.774,18.199,19.744,2022
Tanzania,"Gross domestic product, current prices",U.S. dollars,Billions,"See notes for:  Gross domestic product, current prices (National currency).",74.128,79.447,79.605,86.126,93.739,103.022,113.481,124.968,2022
Thailand,"Gross domestic product, current prices",U.S. dollars,Billions,"See notes for:  Gross domestic product, current prices (National currency).",495.646,514.945,548.89,573.394,605.762,643.894,678.622,710.434,2023
Timor-Leste,"Gross domestic product, current prices",U.S. dollars,Billions,"See notes for:  Gross domestic product, current prices (National currency).",3.205,2.338,1.992,2.14,2.292,2.453,2.625,2.809,2022
Togo,"Gross domestic product, current prices",U.S. dollars,Billions,"See notes for:  Gross domestic product, current prices (National currency).",8.144,9.055,9.832,10.557,11.337,12.18,13.087,14.068,2022
Tonga,"Gross domestic product, current prices",U.S. dollars,Billions,"See notes for:  Gross domestic product, current prices (National currency).",0.498,0.547,0.581,0.606,0.625,0.643,0.665,0.686,2022
Trinidad and Tobago,"Gross domestic product, current prices",U.S. dollars,Billions,"See notes for:  Gross domestic product, current prices (National currency).",30.053,28.142,28.365,29.505,30.05,30.829,31.836,32.845,2022
Tunisia,"Gross domestic product, current prices",U.S. dollars,Billions,"See notes for:  Gross domestic product, current prices (National currency).",46.265,51.283,54.708,55.847,58.069,59.09,59.468,60.037,2022
Turkey,"Gross domestic product, current prices",U.S. dollars,Billions,"See notes for:  Gross domestic product, current prices (National currency).",905.841,"1,108.45","1,113.56","1,106.92","1,153.49","1,197.31","1,241.71","1,286.12",2023
Turkmenistan,"Gross domestic product, current prices",U.S. dollars,Billions,"See notes for:  Gross domestic product, current prices (National currency).",77.963,77.106,81.896,89.001,97.013,105.932,115.835,126.814,2022
Tuvalu,"Gross domestic product, current prices",U.S. dollars,Billions,"See notes for:  Gross domestic product, current prices (National currency).",0.059,0.062,0.066,0.069,0.072,0.076,0.08,0.084,2021
Uganda,"Gross domestic product, current prices",U.S. dollars,Billions,"See notes for:  Gross domestic product, current prices (National currency).",47.567,51.819,56.31,62.056,67.46,73.671,80.968,90.141,2022
Ukraine,"Gross domestic product, current prices",U.S. dollars,Billions,"See notes for:  Gross domestic product, current prices (National currency).",160.521,177.198,188.943,193.602,202.563,214.297,227.047,239.225,2022
United Arab Emirates,"Gross domestic product, current prices",U.S. dollars,Billions,"See notes for:  Gross domestic product, current prices (National currency).",507.064,504.173,527.796,550.24,577.754,609.469,645.345,685.153,2022
United Kingdom,"Gross domestic product, current prices",U.S. dollars,Billions,"See notes for:  Gross domestic product, current prices (National currency).","3,100.11","3,344.74","3,495.26","3,685.41","3,915.57","4,144.37","4,394.71","4,661.46",2022
United States,"Gross domestic product, current prices",U.S. dollars,Billions,"See notes for:  Gross domestic product, current prices (National currency).","25,744.10","27,357.83","28,781.08","29,839.68","31,018.77","32,274.46","33,582.24","34,950.01",2023
Uruguay,"Gross domestic product, current prices",U.S. dollars,Billions,"See notes for:  Gross domestic product, current prices (National currency).",70.165,77.241,82.605,86.294,90.111,94.192,98.607,103.27,2023
Uzbekistan,"Gross domestic product, current prices",U.S. dollars,Billions,"See notes for:  Gross domestic product, current prices (National currency).",81.167,90.882,97.956,109.853,123.097,137.552,153.74,170.314,2023
Vanuatu,"Gross domestic product, current prices",U.S. dollars,Billions,"See notes for:  Gross domestic product, current prices (National currency).",1.039,1.169,1.289,1.4,1.5,1.605,1.709,1.821,2020
Venezuela,"Gross domestic product, current prices",U.S. dollars,Billions,"See notes for:  Gross domestic product, current prices (National currency).",92.104,97.116,102.328,105.876,n/a,n/a,n/a,n/a,2018
Vietnam,"Gross domestic product, current prices",U.S. dollars,Billions,"See notes for:  Gross domestic product, current prices (National currency).",407.965,433.702,465.814,505.531,546.491,589.854,635.648,684.01,2023
West Bank and Gaza,"Gross domestic product, current prices",U.S. dollars,Billions,"See notes for:  Gross domestic product, current prices (National currency).",19.166,18.602,n/a,n/a,n/a,n/a,n/a,n/a,2022
Yemen,"Gross domestic product, current prices",U.S. dollars,Billions,"See notes for:  Gross domestic product, current prices (National currency).",23.534,18.424,16.94,17.176,19.661,22.865,24.978,26.754,2022
Zambia,"Gross domestic product, current prices",U.S. dollars,Billions,"See notes for:  Gross domestic product, current prices (National currency).",29.122,28.406,29.872,32.41,35.064,38.035,41.233,44.601,2022
Zimbabwe,"Gross domestic product, current prices",U.S. dollars,Billions,"See notes for:  Gross domestic product, current prices (National currency).",31.291,32.216,34.405,35.312,36.424,37.541,38.749,39.923,2022
,,,,,,,,,,,,,
"International Monetary Fund, World Economic Outlook Database, April 2024",,,,,,,,,,,,,
